{"main":"american-flight-api1.raml","name":"American Flight API1","organizationId":"8d306b2e-5c06-40d4-b31e-11f8b82977f1","groupId":"8d306b2e-5c06-40d4-b31e-11f8b82977f1","assetId":"american-flight-api1","version":"1.0.0","metadata":{"branchId":"master","commitId":"e0810d42123d1afe7f9b551e67f6985260acace1","projectId":"345617ee-4717-46a4-93fd-bcb98d37abd2"},"apiVersion":"v1","classifier":"raml","dependencies":[{"assetId":"training-american-flight-data-type","groupId":"68ef9520-24e9-4cf2-b2f5-620025690913","version":"1.0.1"},{"assetId":"training-american-flights-example","groupId":"68ef9520-24e9-4cf2-b2f5-620025690913","version":"1.0.1"}],"tags":[],"originalFormatVersion":"1.0"}